source_id,job_title,company,location,job_url,salary_avg,salary_range_id,f_education_d3,f_education_s1,f_education_s2,f_ipk_required,f_min_gpa,f_major_it,f_major_engineering,f_major_business,f_academic_achievement,f_scholarship,f_transcript_required,f_certificate_required,f_english_required,f_computer_skill_required,f_portfolio_required,f_project_required,f_organization_required,f_leadership_required,f_student_cadre_proxy,f_event_committee,f_communication_required,f_teamwork_required,f_internship_required,f_fresh_graduate_allowed,f_work_experience_required,f_experience_years_min,job_family,region_group,salary_range_label
3,Management Trainee,PT Maximus Indo Asia,Tangerang,https://id.jobstreet.com/id/job/92091003?type=standard&ref=search-standalone&origin=cardTitle#sol=2f4b048506891ad33431953ee583cbbf29a9ac5c,4750000.0,3.0,0,1,0,1,0.0,1,1,1,0,0,0,0,1,1,0,1,1,1,0,0,1,1,0,1,0,0,business,jabodetabek,4 sampai < 6 juta
10,Management trainee,Aksaratra Minimalis,Kabupaten Jepara,https://id.jobstreet.com/id/job/92096862?type=standard&ref=search-standalone&origin=cardTitle#sol=7fc23c196f9d78aecaa958324158bf67998ffc5a,4500000.0,3.0,1,1,0,0,0.0,1,0,1,0,0,0,0,0,1,0,1,1,1,0,0,1,0,0,1,0,0,business,lainnya,4 sampai < 6 juta
11,Business Development (Fresh Graduate),PT PMA Bluemedia Indonesia,Jakarta Selatan,https://id.jobstreet.com/id/job/92233730?type=standard&ref=search-standalone&origin=cardTitle#sol=436f8261015ce55bb480e9cf9dadaa9c49ea0261,7250000.0,4.0,0,0,0,0,0.0,1,0,1,0,0,0,0,1,0,0,0,0,0,0,1,1,0,1,1,0,0,business,jabodetabek,6 sampai < 8 juta
21,Sales Development Program- Sales Admin,PT. Mega Bintang Mas Indonesia,Medan,https://id.jobstreet.com/id/job/92085733?type=standard&ref=search-standalone&origin=cardTitle#sol=fa74cd0d22260a4709821d1d16d57260083b6109,5500000.0,3.0,1,1,0,0,0.0,1,0,0,0,0,0,0,1,1,0,0,1,1,0,0,1,0,1,1,0,0,business,sumatera,4 sampai < 6 juta
27,Management Trainee (Mandarin/English Speaker),PT Haidilao Indonesia Restaurants,Jakarta Utara,https://id.jobstreet.com/id/job/91865151?type=standard&ref=search-standalone&origin=cardTitle#sol=6bb3b0f402bcfdd6455d6190ca70ed56ba366600,10000000.0,6.0,0,0,0,0,0.0,1,0,1,0,0,0,0,1,1,0,0,0,0,0,0,1,1,0,1,0,0,business,jabodetabek,>= 10 juta
30,Human Resources Officer / intern - RETAIL,PT BERSERI LEWAT AROMA,Tangerang,https://id.jobstreet.com/id/job/92051421?type=standard&ref=search-standalone&origin=cardTitle#sol=bcacc33c4a7d6afe151c73c452bf179168f6710f,5850000.0,3.0,0,1,0,0,0.0,1,0,0,0,0,0,0,0,0,0,1,0,0,0,0,1,0,1,0,1,2,business,jabodetabek,4 sampai < 6 juta
31,SOP Training & Learning Supervisor (F&B),PT. Levi Kuliner Management,Jakarta Pusat,https://id.jobstreet.com/id/job/92307717?type=standard&ref=search-standalone&origin=cardTitle#sol=2dcb289fd916dffdec4c5d7de8f1d4231e2bd5d2,6500000.0,4.0,0,1,0,0,0.0,1,0,1,0,0,0,0,0,0,0,0,0,1,0,0,1,1,1,0,0,0,finance,jabodetabek,6 sampai < 8 juta
34,Academic Manager,"Perusahaan di Sanur yang bergerak di villa management, consulting, dan kursus bahasa",Bali,https://id.jobstreet.com/id/job/91972826?type=standard&ref=search-standalone&origin=cardTitle#sol=24bf38c6c27251bd5257a4793ad20dca7b52a1f8,7000000.0,4.0,0,1,0,0,0.0,1,0,1,0,0,0,0,1,0,0,0,0,1,0,0,1,0,1,0,1,3,other,lainnya,6 sampai < 8 juta
37,Trainer FnB,PT. Virtus Visio Vortexa (Holding),Jakarta Utara,https://id.jobstreet.com/id/job/92200101?type=standard&ref=search-standalone&origin=cardTitle#sol=a6b604443647e9308acff98a09051fc72876b690,7750000.0,4.0,0,0,0,0,0.0,1,0,1,0,0,0,0,1,1,0,0,0,0,0,0,1,0,0,0,0,0,other,jabodetabek,6 sampai < 8 juta
40,MANAGEMENT TRAINEE UNTUK PABRIK/KEBUN,PT Surya Cipta Sempurna,Bandung,https://id.jobstreet.com/id/job/92283762?type=standard&ref=search-standalone&origin=cardTitle#sol=c99bb725cb2ff65bfcda812e1419c161df9d01a6,4250000.0,3.0,0,1,0,0,0.0,1,0,1,0,0,0,0,0,0,0,0,0,1,0,0,1,0,1,1,1,0,business,jawa barat,4 sampai < 6 juta
43,Retail Operations Trainee（Work at Offline Retail Store）,PT SANFU INTERNASIONAL COMPANI,Jakarta Raya,https://id.jobstreet.com/id/job/92231915?type=standard&ref=search-standalone&origin=cardTitle#sol=ec8619949778c21e62c1817fdc0b3d994d02d470,7000000.0,4.0,0,1,0,0,0.0,1,0,1,0,0,0,0,0,1,0,0,0,1,0,0,1,1,1,1,1,0,business,jabodetabek,6 sampai < 8 juta
55,"Interns (Data Analyst Intern, Digital Media Intern, IT Intern)",PT Himalaya Wellness Indonesia,Kelapa Gading,https://id.jobstreet.com/id/job/92103621?type=standard&ref=search-standalone&origin=cardTitle#sol=cf269bf7ae0a4c099bba74d5e920257e490281df,2575000.0,2.0,0,0,0,0,0.0,1,1,1,0,0,0,0,1,1,0,0,0,0,0,0,1,0,1,0,0,0,data,lainnya,2 sampai < 4 juta
56,Management Trainee,Dharma Celebes Express,Bekasi,https://id.jobstreet.com/id/job/92014055?type=standard&ref=search-standalone&origin=cardTitle#sol=64f3d09d078b604b4ba21720df1853b85fcc73b0,4500000.0,3.0,0,1,0,0,0.0,1,0,1,0,0,0,0,0,1,0,1,0,1,0,0,1,0,0,1,0,0,business,jabodetabek,4 sampai < 6 juta
57,Tele Account Management (Fresh Graduate are welcome to apply),PT Adecco Personnel Indonesia,Yogyakarta,https://id.jobstreet.com/id/job/92196600?type=standard&ref=search-standalone&origin=cardTitle#sol=f3657baa8defd0f44ab5d24acd1a83c7d6a9cbe6,2900000.0,2.0,1,1,0,1,2.75,1,0,1,0,0,0,0,0,0,0,1,0,0,0,0,0,0,0,1,0,0,business,jawa tengah diy,2 sampai < 4 juta
62,Staff Finance,PT . GPI Logistics,Jakarta Pusat,https://id.jobstreet.com/id/job/91887586?type=standard&ref=search-standalone&origin=cardTitle#sol=7e4011c0c4c294b64ad17ae8151b55567fb263e1,5850000.0,3.0,0,1,1,1,3.0,1,0,1,0,0,0,0,0,1,0,0,0,0,0,0,0,0,1,1,0,0,finance,jabodetabek,4 sampai < 6 juta
63,Business Management Trainee (Internship) - Bandung & Jakarta Placement,PT Kitar Technology Indonesia,Jakarta Selatan,https://id.jobstreet.com/id/job/92055932?type=standard&ref=search-standalone&origin=cardTitle#sol=95d0be88aee8a4667a30712f94a0701174516926,3750000.0,2.0,0,1,0,1,0.0,1,0,1,0,0,0,0,1,0,0,0,0,1,0,0,0,0,1,1,1,1,business,jabodetabek,2 sampai < 4 juta
64,"Mandarin Speaker (Admin, EXIM, GA, Sales, Management Trainee, QC, Warehouse)",PT. BTR INDONESIA,Kendal,https://id.jobstreet.com/id/job/92230403?type=standard&ref=search-standalone&origin=cardTitle#sol=26947da56373e0780fb6c48cf696a1f339f986e4,14500000.0,6.0,0,1,0,0,0.0,1,0,1,0,0,0,0,0,1,0,0,1,0,0,0,1,1,1,1,0,0,business,lainnya,>= 10 juta
67,Officer Development Program,PT Marunda Jaya Inti,Jakarta Timur,https://id.jobstreet.com/id/job/92069568?type=standard&ref=search-standalone&origin=cardTitle#sol=c1d4c2f0814e2bab01511f473cadbee240722b0a,4500000.0,3.0,0,1,0,1,3.0,1,0,0,0,0,0,1,1,0,0,1,0,1,0,0,1,1,1,1,1,0,administration,jabodetabek,4 sampai < 6 juta
78,Learning Experience Consultant,risco,Jakarta Selatan,https://id.jobstreet.com/id/job/91969799?type=standard&ref=search-standalone&origin=cardTitle#sol=fdc27339a6b0f3156f9a2a0dc3ef5d9cf13d29fd,5500000.0,3.0,0,0,1,0,0.0,1,0,1,0,0,0,0,1,1,1,0,0,1,0,1,1,1,0,0,0,0,other,jabodetabek,4 sampai < 6 juta
86,MT Operation - Mandarin Interpreter,PT Mitra Rubber Industries,Cikarang,https://id.jobstreet.com/id/job/92054259?type=standard&ref=search-standalone&origin=cardTitle#sol=0c4bec756d2ab6fe5819fcd97be1838205c18183,9000000.0,5.0,0,1,0,1,0.0,1,1,1,0,0,0,0,0,0,0,1,0,1,0,0,0,0,0,1,0,0,engineering,lainnya,8 sampai < 10 juta
95,Training & Development,mitrabangun.id,Semarang,https://id.jobstreet.com/id/job/92314960?type=standard&ref=search-standalone&origin=cardTitle#sol=472eebcb4d1f677a3dff860a52d9907679a76dc2,4100000.0,3.0,1,0,0,0,0.0,1,0,0,0,0,0,0,0,1,0,0,0,0,0,0,1,0,0,0,0,0,other,jawa tengah diy,4 sampai < 6 juta
98,Beauty Trainer,PT Sant Group Indonesia,Jakarta Raya,https://id.jobstreet.com/id/job/92284040?type=standard&ref=search-standalone&origin=cardTitle#sol=230711d54b6f76cfbd68c05fdaa7d9f4826ee860,7750000.0,4.0,1,0,0,0,0.0,1,0,0,0,0,0,0,0,1,0,0,0,1,0,0,1,0,0,0,0,0,business,jabodetabek,6 sampai < 8 juta
99,Management Trainee,PT RAJA SUKSES PROPERTINDO,Cirebon,https://id.jobstreet.com/id/job/91765125?type=standard&ref=search-standalone&origin=cardTitle#sol=ae37039478885bd240ef29adc4e3ed89d1a03507,3200000.0,2.0,0,1,0,0,0.0,1,1,1,0,0,0,0,0,1,0,1,1,0,0,0,1,0,1,1,1,2,software,lainnya,2 sampai < 4 juta
104,Management Trainee,PT Maximus Indo Asia,Tangerang,https://id.jobstreet.com/id/job/92091003?type=standard&ref=search-standalone&origin=cardTitle#sol=b51dff45eb83f9e0837a437e3bf008baa53c2f3f,4750000.0,3.0,0,1,0,1,0.0,1,1,1,0,0,0,0,1,1,0,1,1,1,0,0,1,1,0,1,0,0,business,jabodetabek,4 sampai < 6 juta
107,Graduate Engineer Trainee (Teknik Electro),PT CITRA SANXING INDONESIA,Jakarta Barat,https://id.jobstreet.com/id/job/92091373?type=standard&ref=search-standalone&origin=cardTitle#sol=c1277081c77d923647e41d9ad0c3d7907b15b8f7,7250000.0,4.0,0,1,0,1,3.25,1,1,0,0,0,0,1,1,0,0,1,0,0,0,0,1,0,1,1,0,0,business,jabodetabek,6 sampai < 8 juta
108,Business Development (Fresh Graduate),PT PMA Bluemedia Indonesia,Jakarta Selatan,https://id.jobstreet.com/id/job/92233730?type=standard&ref=search-standalone&origin=cardTitle#sol=c9092532800500754ec54580ffd957b7940b04fa,7250000.0,4.0,0,0,0,0,0.0,1,0,1,0,0,0,0,1,0,0,0,0,0,0,1,1,0,1,1,0,0,business,jabodetabek,6 sampai < 8 juta
111,Management trainee,Aksaratra Minimalis,Kabupaten Jepara,https://id.jobstreet.com/id/job/92096862?type=standard&ref=search-standalone&origin=cardTitle#sol=74b5f4f4a78eec4ebe6ed37c603808d138d51bb3,4500000.0,3.0,1,1,0,0,0.0,1,0,1,0,0,0,0,0,1,0,1,1,1,0,0,1,0,0,1,0,0,business,lainnya,4 sampai < 6 juta
119,Sales Development Program- Sales Admin,PT. Mega Bintang Mas Indonesia,Medan,https://id.jobstreet.com/id/job/92085733?type=standard&ref=search-standalone&origin=cardTitle#sol=3123ba80282ef44b091cf40ae7c2ad2518a771ec,5500000.0,3.0,1,1,0,0,0.0,1,0,0,0,0,0,0,1,1,0,0,1,1,0,0,1,0,1,1,0,0,business,sumatera,4 sampai < 6 juta
123,Management Trainee (Mandarin/English Speaker),PT Haidilao Indonesia Restaurants,Jakarta Utara,https://id.jobstreet.com/id/job/91865151?type=standard&ref=search-standalone&origin=cardTitle#sol=c50540cf7ac4beb3bdc2cb16b850c716ef5553ea,10000000.0,6.0,0,0,0,0,0.0,1,0,1,0,0,0,0,1,1,0,0,0,0,0,0,1,1,0,1,0,0,business,jabodetabek,>= 10 juta
124,Retail Operations Trainee（Work at Offline Retail Store）,PT SANFU INTERNASIONAL COMPANI,Jakarta Raya,https://id.jobstreet.com/id/job/92231915?type=standard&ref=search-standalone&origin=cardTitle#sol=f7e470e4a7d1383dd378e121db48696951f45627,7000000.0,4.0,0,1,0,0,0.0,1,0,1,0,0,0,0,0,1,0,0,0,1,0,0,1,1,1,1,1,0,business,jabodetabek,6 sampai < 8 juta
131,Children Cognitive Coach,PT Neuroteknologi Edukasi Indonesia,Kebon Jeruk,https://id.jobstreet.com/id/job/92272693?type=standard&ref=search-standalone&origin=cardTitle#sol=7f058e6f8e4ca1332196c0cfc010f243cf7f9ce3,6100000.0,4.0,0,1,1,0,0.0,1,0,0,0,0,0,0,1,1,0,0,0,0,0,0,1,0,0,0,1,1,administration,lainnya,6 sampai < 8 juta
133,Primary School Teachers AY 2026/2027: Upper Homeroom & English Specialist,Yayasan Generasi Baru Indonesia,Banten,https://id.jobstreet.com/id/job/92221257?type=standard&ref=search-standalone&origin=cardTitle#sol=30987bc586fe221d1b5d08c5cc55ce196cb86d2d,6650000.0,4.0,0,1,0,0,0.0,1,0,0,0,0,0,0,1,1,0,0,0,1,0,0,1,0,0,1,0,0,other,lainnya,6 sampai < 8 juta
135,Electrical Engineer / Service Engineer - Mechatronics,PT Xefco Technologies Indonesia,Majalengka,https://id.jobstreet.com/id/job/92009412?type=standard&ref=search-standalone&origin=cardTitle#sol=1f333200b23c235912d99fc7f172b1c2161a789d,12500000.0,6.0,0,0,0,0,0.0,1,1,0,0,0,0,0,1,1,0,0,0,0,0,1,1,0,1,0,0,0,engineering,lainnya,>= 10 juta
137,Trainer FnB,PT. Virtus Visio Vortexa (Holding),Jakarta Utara,https://id.jobstreet.com/id/job/92200101?type=standard&ref=search-standalone&origin=cardTitle#sol=7a433377b51f0dd69ba7c8e9bb6d05836f359ade,7750000.0,4.0,0,0,0,0,0.0,1,0,1,0,0,0,0,1,1,0,0,0,0,0,0,1,0,0,0,0,0,other,jabodetabek,6 sampai < 8 juta
139,Assistant Technical Expert (HRGA),HuntHire,Cikupa,https://id.jobstreet.com/id/job/92026155?type=standard&ref=search-standalone&origin=cardTitle#sol=051d75bbb086b7f6de1138177511b067cefc77d9,11500000.0,6.0,0,0,0,0,0.0,1,0,1,0,0,0,0,1,1,0,0,0,0,0,0,1,0,0,0,0,0,other,lainnya,>= 10 juta
145,Academic Manager,"Perusahaan di Sanur yang bergerak di villa management, consulting, dan kursus bahasa",Bali,https://id.jobstreet.com/id/job/91972826?type=standard&ref=search-standalone&origin=cardTitle#sol=1c824f7770a94f01e03e443a53c1f35da29b3e9f,7000000.0,4.0,0,1,0,0,0.0,1,0,1,0,0,0,0,1,0,0,0,0,1,0,0,1,0,1,0,1,3,other,lainnya,6 sampai < 8 juta
151,Fresh Graduate Management Training Program (Onsite),Deliveree (PT Angkut Teknologi Indonesia),Jakarta Selatan,https://id.jobstreet.com/id/job/92004567?type=standard&ref=search-standalone&origin=cardTitle#sol=8dec9b75d9060eed3b2c00ad3367ac2321c4438c,6000000.0,4.0,0,1,1,1,3.0,1,0,1,0,0,1,0,1,1,0,0,0,0,0,0,0,0,0,1,0,0,business,jabodetabek,6 sampai < 8 juta
153,Business Management Trainee (Internship) - Bandung & Jakarta Placement,PT Kitar Technology Indonesia,Jakarta Selatan,https://id.jobstreet.com/id/job/92055932?type=standard&ref=search-standalone&origin=cardTitle#sol=c6b1d65a59f022706e916a20990c6631ba27f29d,3750000.0,2.0,0,1,0,1,0.0,1,0,1,0,0,0,0,1,0,0,0,0,1,0,0,0,0,1,1,1,1,business,jabodetabek,2 sampai < 4 juta
160,"Mandarin Speaker (Admin, EXIM, GA, Sales, Management Trainee, QC, Warehouse)",PT. BTR INDONESIA,Kendal,https://id.jobstreet.com/id/job/92230403?type=standard&ref=search-standalone&origin=cardTitle#sol=64e581e92309164c4064165acdd99becfd8c760c,14500000.0,6.0,0,1,0,0,0.0,1,0,1,0,0,0,0,0,1,0,0,1,0,0,0,1,1,1,1,0,0,business,lainnya,>= 10 juta
164,Management Trainee,Dharma Celebes Express,Bekasi,https://id.jobstreet.com/id/job/92014055?type=standard&ref=search-standalone&origin=cardTitle#sol=e78ff8508afbe694f61f8b37bd173258ae68be91,4500000.0,3.0,0,1,0,0,0.0,1,0,1,0,0,0,0,0,1,0,1,0,1,0,0,1,0,0,1,0,0,business,jabodetabek,4 sampai < 6 juta
170,Staff Finance,PT . GPI Logistics,Jakarta Pusat,https://id.jobstreet.com/id/job/91887586?type=standard&ref=search-standalone&origin=cardTitle#sol=8882ee16ae0b0ef6b63f9b9496fe34353e001071,5850000.0,3.0,0,1,1,1,3.0,1,0,1,0,0,0,0,0,1,0,0,0,0,0,0,0,0,1,1,0,0,finance,jabodetabek,4 sampai < 6 juta
177,MANAGEMENT TRAINEE UNTUK PABRIK/KEBUN,PT Surya Cipta Sempurna,Bandung,https://id.jobstreet.com/id/job/92283762?type=standard&ref=search-standalone&origin=cardTitle#sol=b65c6f1644c55ba591780cc753278d59951c0d5f,4250000.0,3.0,0,1,0,0,0.0,1,0,1,0,0,0,0,0,0,0,0,0,1,0,0,1,0,1,1,1,0,business,jawa barat,4 sampai < 6 juta
178,Junior Villa Chef,Grand Delight,Seminyak,https://id.jobstreet.com/id/job/91867404?type=standard&ref=search-standalone&origin=cardTitle#sol=d5058cfb9fd8ec6bd9c5261ee955e97f96e05b28,4250000.0,3.0,0,0,0,0,0.0,1,0,1,0,0,0,0,0,0,0,0,1,0,0,1,1,0,1,1,0,0,other,lainnya,4 sampai < 6 juta
183,Account Manager (B2B),Dipstrategy (Jakarta),Jakarta Timur,https://id.jobstreet.com/id/job/91989036?type=standard&ref=search-standalone&origin=cardTitle#sol=842f117bf383c4612ad3a33429461a66154d7d6a,8250000.0,5.0,0,1,0,0,0.0,1,0,0,0,0,0,0,0,0,0,1,1,0,0,1,1,1,1,0,1,2,business,jabodetabek,8 sampai < 10 juta
184,Accounting & Finance Junior Staff (Back Up Maternity Leave 6 Months),PT JFE Steel Galvanizing Indonesia,Kabupaten Bekasi,https://id.jobstreet.com/id/job/91905589?type=standard&ref=search-standalone&origin=cardTitle#sol=b25cfe37353dd4945b21227dc3f9106f11e02269,7000000.0,4.0,1,1,0,0,0.0,1,0,1,0,0,0,1,1,1,0,0,0,0,0,0,1,0,0,0,1,0,finance,jabodetabek,6 sampai < 8 juta
190,Telesales (English Speakers & Fresh Graduates),PetroSYNC,Jakarta Barat,https://id.jobstreet.com/id/job/92283322?type=standard&ref=search-standalone&origin=cardTitle#sol=eac4170655439299a3602203b561fdf876d84731,5250000.0,3.0,0,0,0,0,0.0,1,1,0,0,0,0,1,1,1,0,0,0,1,0,0,0,0,1,1,0,0,business,jabodetabek,4 sampai < 6 juta
193,Telesales (English Speakers & Fresh Graduates),PetroSYNC,Jakarta Barat,https://id.jobstreet.com/id/job/92283322?type=standard&ref=search-standalone&origin=cardTitle#sol=a17672142a9f5f772046a46cbe1debea5f5ed6fa,5250000.0,3.0,0,0,0,0,0.0,1,1,0,0,0,0,1,1,1,0,0,0,1,0,0,0,0,1,1,0,0,business,jabodetabek,4 sampai < 6 juta
197,Product Engineer,Catalyst Psychology & HR Management Services,Bekasi,https://id.jobstreet.com/id/job/92132347?type=standard&ref=search-standalone&origin=cardTitle#sol=1a49885ac06e85d2ecec750e2173dacac2395a6f,6300000.0,4.0,0,1,0,1,3.3,1,1,1,0,0,0,0,1,0,0,0,0,0,0,0,0,0,0,1,0,0,software,jabodetabek,6 sampai < 8 juta
199,Business Development Specialist,PT YUXI Jayatama Indonesia,Jakarta Utara,https://id.jobstreet.com/id/job/91809665?type=standard&ref=search-standalone&origin=cardTitle#sol=9b1065c75d63479a07d2528a07a6566e7fdb3ea0,10250000.0,6.0,0,1,0,0,0.0,1,0,1,0,0,0,0,1,1,0,1,0,0,0,0,1,0,1,0,0,0,business,jabodetabek,>= 10 juta
205,Product Development Officer,PT. LIPPO KARAWACI TBK,Tangerang,https://id.jobstreet.com/id/job/91839072?type=standard&ref=search-standalone&origin=cardTitle#sol=c3fc0da8c463c44aa12934c7a8ac90fa2ed63f98,11000000.0,6.0,0,1,0,0,0.0,1,1,1,0,0,0,0,0,1,0,0,0,0,0,0,1,0,0,1,0,0,business,jabodetabek,>= 10 juta
206,Business Development Officer,PT Olsera Indonesia Pratama,Jakarta Raya,https://id.jobstreet.com/id/job/92027576?type=standard&ref=search-standalone&origin=cardTitle#sol=26199a5d1e75524fd33165459809c4f2ae4df94f,5864938.0,3.0,0,0,0,0,0.0,1,0,1,0,0,0,0,0,0,0,0,1,0,0,1,0,0,1,0,0,0,other,jabodetabek,4 sampai < 6 juta
208,Officer Development Program,PT Marunda Jaya Inti,Jakarta Timur,https://id.jobstreet.com/id/job/92069568?type=standard&ref=search-standalone&origin=cardTitle#sol=c8dfdd770fd3f967263a12e6dc3b29aaa8be4295,4500000.0,3.0,0,1,0,1,3.0,1,0,0,0,0,0,1,1,0,0,1,0,1,0,0,1,1,1,1,1,0,administration,jabodetabek,4 sampai < 6 juta
209,Junior Officer Development Program,Kop Sehati Makmur Abadi,Bekasi,https://id.jobstreet.com/id/job/91914049?type=standard&ref=search-standalone&origin=cardTitle#sol=31838443d984885ee0f4f10ac900bc676d9d54e1,5550000.0,3.0,0,1,0,1,2.75,1,0,1,0,0,0,0,0,1,0,0,0,0,0,0,1,0,1,1,0,0,finance,jabodetabek,4 sampai < 6 juta
210,Marketing Officer (Balikpapan),PT Asuransi Raksa Pratikara,Balikpapan,https://id.jobstreet.com/id/job/91842250?type=standard&ref=search-standalone&origin=cardTitle#sol=899683f744b2542e02b282e711d0a3157c1164c5,5400000.0,3.0,0,1,0,0,0.0,1,0,1,0,0,0,0,0,0,0,0,0,0,0,0,1,0,0,1,1,1,business,kalimantan,4 sampai < 6 juta
216,HR Development Officer,PT INNABRIDGE SELARAS ENERGI,Tangerang,https://id.jobstreet.com/id/job/91945466?type=standard&ref=search-standalone&origin=cardTitle#sol=d25eefccfb66d9d65a3ede84d73b7f14d6927a81,5250000.0,3.0,0,1,0,0,0.0,1,0,1,0,0,0,0,0,1,0,0,0,0,0,0,0,0,0,0,0,0,other,jabodetabek,4 sampai < 6 juta
224,PAYROLL SPECIALIST,PT. Vista Maritim Indonesia,Batam Kota,https://id.jobstreet.com/id/job/92248068?type=standard&ref=search-standalone&origin=cardTitle#sol=059ea8e3477def98ea43554498e8badc53c0dea3,7000000.0,4.0,0,0,0,0,0.0,1,0,1,0,0,0,0,0,1,0,1,1,0,0,0,0,0,0,0,0,0,finance,sumatera,6 sampai < 8 juta
229,Management Development Program,PT Tri Daya Maxima,Bogor,https://id.jobstreet.com/id/job/91504436?type=standard&ref=search-standalone&origin=cardTitle#sol=1b910c244db487e442020990e981e6e76a5fda8a,7000000.0,4.0,0,1,1,0,0.0,1,1,1,0,0,0,0,1,0,0,1,1,1,0,0,1,0,0,1,1,2,administration,jabodetabek,6 sampai < 8 juta
233,Sales Development Program- Sales Admin,PT. Mega Bintang Mas Indonesia,Medan,https://id.jobstreet.com/id/job/92085733?type=standard&ref=search-standalone&origin=cardTitle#sol=7e3eaf18f29d81d857c4d5740611a236b73243ac,5500000.0,3.0,1,1,0,0,0.0,1,0,0,0,0,0,0,1,1,0,0,1,1,0,0,1,0,1,1,0,0,business,sumatera,4 sampai < 6 juta
244,Business Management Trainee (Internship) - Bandung & Jakarta Placement,PT Kitar Technology Indonesia,Jakarta Selatan,https://id.jobstreet.com/id/job/92055932?type=standard&ref=search-standalone&origin=cardTitle#sol=52e5c84a7b3e5ade932dd3d8e268524c6c36ef55,3750000.0,2.0,0,1,0,1,0.0,1,0,1,0,0,0,0,1,0,0,0,0,1,0,0,0,0,1,1,1,1,business,jabodetabek,2 sampai < 4 juta
257,Officer Development Program,PT Marunda Jaya Inti,Jakarta Timur,https://id.jobstreet.com/id/job/92069568?type=standard&ref=search-standalone&origin=cardTitle#sol=f90d4355d7ca1dd80f07219dddb9ce6e0d126020,4500000.0,3.0,0,1,0,1,3.0,1,0,0,0,0,0,1,1,0,0,1,0,1,0,0,1,1,1,1,1,0,administration,jabodetabek,4 sampai < 6 juta
268,Marketing Communication,CV SOLUSI KECANTIKAN INDONESIA NUSANTARA (Skinvest Aesthetic Clinic),Sidoarjo,https://id.jobstreet.com/id/job/92128966?type=standard&ref=search-standalone&origin=cardTitle#sol=6df1b591c521e6f01da25b243fc28b6b1733b3e6,4900000.0,3.0,1,1,0,0,0.0,1,0,0,0,0,0,0,0,0,0,0,0,0,0,1,1,1,0,0,1,2,business,jawa timur,4 sampai < 6 juta
272,Business Manager,PT Bme Indonesia,Jakarta Selatan,https://id.jobstreet.com/id/job/92060006?type=standard&ref=search-standalone&origin=cardTitle#sol=fecce302dce3074ae626aed8b0d57ec7733f688f,35000000.0,6.0,0,1,1,0,0.0,1,0,1,0,0,0,0,1,1,0,1,1,1,0,1,1,0,1,0,0,0,finance,jabodetabek,>= 10 juta
275,Land Acquisition & Development Manager,SHINE GREEN ENERGY INVESTMEN INDONESIA,Jakarta Barat,https://id.jobstreet.com/id/job/92255173?type=standard&ref=search-standalone&origin=cardTitle#sol=351ea4bcb36f7fbdd71962f04fe893089ebad87b,25000000.0,6.0,0,1,0,0,0.0,1,1,1,0,0,0,1,1,0,0,1,0,1,0,0,1,0,0,0,1,3,engineering,jabodetabek,>= 10 juta
281,Account Executive Bandung,PT Galva Galindra Multi Cipta,Bandung,https://id.jobstreet.com/id/job/92242193?type=standard&ref=search-standalone&origin=cardTitle#sol=c87bd5a08d2005dd54b4359a75ab31316b96c873,6000000.0,4.0,0,1,0,0,0.0,1,0,1,0,0,0,0,1,0,0,0,0,0,0,0,1,0,0,0,1,1,business,jawa barat,6 sampai < 8 juta
282,Marketing & CRM Operations,PT HAS Environmental,Cempaka Putih,https://id.jobstreet.com/id/job/91917711?type=standard&ref=search-standalone&origin=cardTitle#sol=82166ee658fbeca670fc0a28f1825cfb73de656f,6750000.0,4.0,1,1,0,0,0.0,1,0,1,0,0,0,0,0,0,0,0,0,0,0,1,1,0,0,0,0,0,business,lainnya,6 sampai < 8 juta
313,Human Capital Learning & Development (HC L&D),Pengiklan Anonim,Jakarta Raya,https://id.jobstreet.com/id/job/91883736?type=standard&ref=search-standalone&origin=cardTitle#sol=359c72e60cf1b829c761a0c9bae75a7bcdb8ce8a,6365000.0,4.0,0,0,0,0,0.0,1,0,1,0,0,0,0,0,0,0,0,1,0,0,0,0,1,1,0,0,0,other,jabodetabek,6 sampai < 8 juta
317,Product Development Officer,PT. LIPPO KARAWACI TBK,Tangerang,https://id.jobstreet.com/id/job/91839072?type=standard&ref=search-standalone&origin=cardTitle#sol=2ff0a401aae8b279c9b9b9623a32208fa3de1ad7,11000000.0,6.0,0,1,0,0,0.0,1,1,1,0,0,0,0,0,1,0,0,0,0,0,0,1,0,0,1,0,0,business,jabodetabek,>= 10 juta
318,Brand & Product Manager,PT. Graha Multi Bintang (Olympic Group),Surabaya,https://id.jobstreet.com/id/job/91841001?type=standard&ref=search-standalone&origin=cardTitle#sol=50db765bd4f55f6a9290a7f256dbb6032b0a929c,12500000.0,6.0,0,1,0,0,0.0,1,0,1,0,0,0,0,0,0,0,0,0,0,0,0,1,0,1,0,0,0,business,jawa timur,>= 10 juta
330,Sales Development Program- Sales Admin,PT. Mega Bintang Mas Indonesia,Medan,https://id.jobstreet.com/id/job/92085733?type=standard&ref=search-standalone&origin=cardTitle#sol=4cd1921a5f77af239dda985b6b1f9860f5199855,5500000.0,3.0,1,1,0,0,0.0,1,0,0,0,0,0,0,1,1,0,0,1,1,0,0,1,0,1,1,0,0,business,sumatera,4 sampai < 6 juta
332,Business Development (Fresh Graduate),PT PMA Bluemedia Indonesia,Jakarta Selatan,https://id.jobstreet.com/id/job/92233730?type=standard&ref=search-standalone&origin=cardTitle#sol=2292057e7b2f4d91b33453eec43c8eb36eab916e,7250000.0,4.0,0,0,0,0,0.0,1,0,1,0,0,0,0,1,0,0,0,0,0,0,1,1,0,1,1,0,0,business,jabodetabek,6 sampai < 8 juta
333,Management Trainee,PT Maximus Indo Asia,Tangerang,https://id.jobstreet.com/id/job/92091003?type=standard&ref=search-standalone&origin=cardTitle#sol=0fd03c503d7f97043066021f3795df721fdb308b,4750000.0,3.0,0,1,0,1,0.0,1,1,1,0,0,0,0,1,1,0,1,1,1,0,0,1,1,0,1,0,0,business,jabodetabek,4 sampai < 6 juta
338,Management trainee,Aksaratra Minimalis,Kabupaten Jepara,https://id.jobstreet.com/id/job/92096862?type=standard&ref=search-standalone&origin=cardTitle#sol=c600081072552fbb144c065c3f3005979625b157,4500000.0,3.0,1,1,0,0,0.0,1,0,1,0,0,0,0,0,1,0,1,1,1,0,0,1,0,0,1,0,0,business,lainnya,4 sampai < 6 juta
343,Management Trainee (Mandarin/English Speaker),PT Haidilao Indonesia Restaurants,Jakarta Utara,https://id.jobstreet.com/id/job/91865151?type=standard&ref=search-standalone&origin=cardTitle#sol=43a286e9f9eb2775eb63d7e41b672801d77a3f69,10000000.0,6.0,0,0,0,0,0.0,1,0,1,0,0,0,0,1,1,0,0,0,0,0,0,1,1,0,1,0,0,business,jabodetabek,>= 10 juta
344,Business Management Trainee (Internship) - Bandung & Jakarta Placement,PT Kitar Technology Indonesia,Jakarta Selatan,https://id.jobstreet.com/id/job/92055932?type=standard&ref=search-standalone&origin=cardTitle#sol=dc722df8c4b219766f52c7ab16d0ba6285d05c18,3750000.0,2.0,0,1,0,1,0.0,1,0,1,0,0,0,0,1,0,0,0,0,1,0,0,0,0,1,1,1,1,business,jabodetabek,2 sampai < 4 juta
348,Trainer FnB,PT. Virtus Visio Vortexa (Holding),Jakarta Utara,https://id.jobstreet.com/id/job/92200101?type=standard&ref=search-standalone&origin=cardTitle#sol=0cce87693f60ce7a654c9f9a69c1a33252c33a96,7750000.0,4.0,0,0,0,0,0.0,1,0,1,0,0,0,0,1,1,0,0,0,0,0,0,1,0,0,0,0,0,other,jabodetabek,6 sampai < 8 juta
353,Officer Development Program,PT Marunda Jaya Inti,Jakarta Timur,https://id.jobstreet.com/id/job/92069568?type=standard&ref=search-standalone&origin=cardTitle#sol=92353efbe780f0d19186e13d3573566476b7532b,4500000.0,3.0,0,1,0,1,3.0,1,0,0,0,0,0,1,1,0,0,1,0,1,0,0,1,1,1,1,1,0,administration,jabodetabek,4 sampai < 6 juta
355,"Mandarin Speaker (Admin, EXIM, GA, Sales, Management Trainee, QC, Warehouse)",PT. BTR INDONESIA,Kendal,https://id.jobstreet.com/id/job/92230403?type=standard&ref=search-standalone&origin=cardTitle#sol=5924d74a4dbd2e304643818ae651466a3023de6e,14500000.0,6.0,0,1,0,0,0.0,1,0,1,0,0,0,0,0,1,0,0,1,0,0,0,1,1,1,1,0,0,business,lainnya,>= 10 juta
366,Retail Operations Trainee（Work at Offline Retail Store）,PT SANFU INTERNASIONAL COMPANI,Jakarta Raya,https://id.jobstreet.com/id/job/92231915?type=standard&ref=search-standalone&origin=cardTitle#sol=c8f45684fbde51011e1d3109f5462aa163f60210,7000000.0,4.0,0,1,0,0,0.0,1,0,1,0,0,0,0,0,1,0,0,0,1,0,0,1,1,1,1,1,0,business,jabodetabek,6 sampai < 8 juta
380,Electrical Engineer / Service Engineer - Mechatronics,PT Xefco Technologies Indonesia,Majalengka,https://id.jobstreet.com/id/job/92009412?type=standard&ref=search-standalone&origin=cardTitle#sol=7679c883217d52136dba8c25a9838690ee393eef,12500000.0,6.0,0,0,0,0,0.0,1,1,0,0,0,0,0,1,1,0,0,0,0,0,1,1,0,1,0,0,0,engineering,lainnya,>= 10 juta
386,Management Trainee,Dharma Celebes Express,Bekasi,https://id.jobstreet.com/id/job/92014055?type=standard&ref=search-standalone&origin=cardTitle#sol=9f27616a6ba2d4bfb0103d80d638f6c329cf58c3,4500000.0,3.0,0,1,0,0,0.0,1,0,1,0,0,0,0,0,1,0,1,0,1,0,0,1,0,0,1,0,0,business,jabodetabek,4 sampai < 6 juta
392,IT Product Associate,PT Netcom Scinergy Newsantara,Bekasi,https://id.jobstreet.com/id/job/91993714?type=standard&ref=search-standalone&origin=cardTitle#sol=c66ee50a77ceb85d11c6277cd98c2cdf1ca56f37,12500000.0,6.0,0,1,0,0,0.0,1,1,1,0,0,0,0,0,1,0,1,0,0,0,1,1,1,1,0,0,0,software,jabodetabek,>= 10 juta
396,Fresh Graduate Management Training Program (Onsite),Deliveree (PT Angkut Teknologi Indonesia),Jakarta Selatan,https://id.jobstreet.com/id/job/92004567?type=standard&ref=search-standalone&origin=cardTitle#sol=44c960e37cb85334c5d69b1f42135819ecd1e3fb,6000000.0,4.0,0,1,1,1,3.0,1,0,1,0,0,1,0,1,1,0,0,0,0,0,0,0,0,0,1,0,0,business,jabodetabek,6 sampai < 8 juta
405,Learning Experience Consultant,risco,Jakarta Selatan,https://id.jobstreet.com/id/job/91969799?type=standard&ref=search-standalone&origin=cardTitle#sol=8f2c18448c296b8ad8706399c1556c943dddce35,5500000.0,3.0,0,0,1,0,0.0,1,0,1,0,0,0,0,1,1,1,0,0,1,0,1,1,1,0,0,0,0,other,jabodetabek,4 sampai < 6 juta
409,Product Engineer,Catalyst Psychology & HR Management Services,Bekasi,https://id.jobstreet.com/id/job/92132347?type=standard&ref=search-standalone&origin=cardTitle#sol=5be2726f94d3ff60d13a46fc79ace161b1126259,6300000.0,4.0,0,1,0,1,3.3,1,1,1,0,0,0,0,1,0,0,0,0,0,0,0,0,0,0,1,0,0,software,jabodetabek,6 sampai < 8 juta
410,Beauty Trainer,PT Sant Group Indonesia,Jakarta Raya,https://id.jobstreet.com/id/job/92284040?type=standard&ref=search-standalone&origin=cardTitle#sol=440ccbd796561f915bd8dcd47fd8ff98bc19e758,7750000.0,4.0,1,0,0,0,0.0,1,0,0,0,0,0,0,0,1,0,0,0,1,0,0,1,0,0,0,0,0,business,jabodetabek,6 sampai < 8 juta
430,Management Trainee,PT Maximus Indo Asia,Tangerang,https://id.jobstreet.com/id/job/92091003?type=standard&ref=search-standalone&origin=cardTitle#sol=dd9fec50963ebcad3e955543285ed146a661c60b,4750000.0,3.0,0,1,0,1,0.0,1,1,1,0,0,0,0,1,1,0,1,1,1,0,0,1,1,0,1,0,0,business,jabodetabek,4 sampai < 6 juta
432,Business Development (Fresh Graduate),PT PMA Bluemedia Indonesia,Jakarta Selatan,https://id.jobstreet.com/id/job/92233730?type=standard&ref=search-standalone&origin=cardTitle#sol=490d598d95b733c0305af9b3a9e573e84c4e103a,7250000.0,4.0,0,0,0,0,0.0,1,0,1,0,0,0,0,1,0,0,0,0,0,0,1,1,0,1,1,0,0,business,jabodetabek,6 sampai < 8 juta
433,Management trainee,Aksaratra Minimalis,Kabupaten Jepara,https://id.jobstreet.com/id/job/92096862?type=standard&ref=search-standalone&origin=cardTitle#sol=64b66904303cae5fe3abbe03a4291f2efed18ffe,4500000.0,3.0,1,1,0,0,0.0,1,0,1,0,0,0,0,0,1,0,1,1,1,0,0,1,0,0,1,0,0,business,lainnya,4 sampai < 6 juta
441,Business Management Trainee (Internship) - Bandung & Jakarta Placement,PT Kitar Technology Indonesia,Jakarta Selatan,https://id.jobstreet.com/id/job/92055932?type=standard&ref=search-standalone&origin=cardTitle#sol=8aa0e5551851bde8e4920cb5062118fc8f47aa10,3750000.0,2.0,0,1,0,1,0.0,1,0,1,0,0,0,0,1,0,0,0,0,1,0,0,0,0,1,1,1,1,business,jabodetabek,2 sampai < 4 juta
442,Trainer FnB,PT. Virtus Visio Vortexa (Holding),Jakarta Utara,https://id.jobstreet.com/id/job/92200101?type=standard&ref=search-standalone&origin=cardTitle#sol=7335c682e405bf3fd8d358f0a5570b428c447c05,7750000.0,4.0,0,0,0,0,0.0,1,0,1,0,0,0,0,1,1,0,0,0,0,0,0,1,0,0,0,0,0,other,jabodetabek,6 sampai < 8 juta
444,"Mandarin Speaker (Admin, EXIM, GA, Sales, Management Trainee, QC, Warehouse)",PT. BTR INDONESIA,Kendal,https://id.jobstreet.com/id/job/92230403?type=standard&ref=search-standalone&origin=cardTitle#sol=772717805c0f60922e89d4e75fb0a3f00f32d84b,14500000.0,6.0,0,1,0,0,0.0,1,0,1,0,0,0,0,0,1,0,0,1,0,0,0,1,1,1,1,0,0,business,lainnya,>= 10 juta
451,Retail Operations Trainee（Work at Offline Retail Store）,PT SANFU INTERNASIONAL COMPANI,Jakarta Raya,https://id.jobstreet.com/id/job/92231915?type=standard&ref=search-standalone&origin=cardTitle#sol=e174f4462acd7597bed95de1ff2c3c3a94c2a05c,7000000.0,4.0,0,1,0,0,0.0,1,0,1,0,0,0,0,0,1,0,0,0,1,0,0,1,1,1,1,1,0,business,jabodetabek,6 sampai < 8 juta
459,Electrical Engineer / Service Engineer - Mechatronics,PT Xefco Technologies Indonesia,Majalengka,https://id.jobstreet.com/id/job/92009412?type=standard&ref=search-standalone&origin=cardTitle#sol=034add610261750c4d4cc76d74dcd93ed771386b,12500000.0,6.0,0,0,0,0,0.0,1,1,0,0,0,0,0,1,1,0,0,0,0,0,1,1,0,1,0,0,0,engineering,lainnya,>= 10 juta
466,RETAIL OPERATION STAFF ( TEAM LEADER),PT BERSERI LEWAT AROMA,Jakarta Raya,https://id.jobstreet.com/id/job/92258147?type=standard&ref=search-standalone&origin=cardTitle#sol=24b8f37551a30348245d05adb3ffe3b48984f7b9,5000000.0,3.0,0,1,0,0,0.0,1,0,1,0,0,0,0,1,1,0,0,0,1,0,1,1,0,0,0,0,0,business,jabodetabek,4 sampai < 6 juta
470,Marketing/Sales (two position),PT DANBI GLOBAL INDONESIA,Jakarta Raya,https://id.jobstreet.com/id/job/92306237?type=standard&ref=search-standalone&origin=cardTitle#sol=197c4733fb3318106f787167a28281746ad962af,4864938.0,3.0,0,0,0,0,0.0,1,0,0,0,0,0,0,0,0,0,0,0,1,0,0,1,1,0,1,0,0,business,jabodetabek,4 sampai < 6 juta
472,Telesales (English Speakers & Fresh Graduates),PetroSYNC,Jakarta Barat,https://id.jobstreet.com/id/job/92283322?type=standard&ref=search-standalone&origin=cardTitle#sol=9c30f92d82febab8f724bfd41a64736dec618015,5250000.0,3.0,0,0,0,0,0.0,1,1,0,0,0,0,1,1,1,0,0,0,1,0,0,0,0,1,1,0,0,business,jabodetabek,4 sampai < 6 juta
476,Learning Experience Consultant,risco,Jakarta Selatan,https://id.jobstreet.com/id/job/91969799?type=standard&ref=search-standalone&origin=cardTitle#sol=fc8672740b9966912b79fc5d0a6a0fa6dc026712,5500000.0,3.0,0,0,1,0,0.0,1,0,1,0,0,0,0,1,1,1,0,0,1,0,1,1,1,0,0,0,0,other,jabodetabek,4 sampai < 6 juta
478,Management Trainee,Dharma Celebes Express,Bekasi,https://id.jobstreet.com/id/job/92014055?type=standard&ref=search-standalone&origin=cardTitle#sol=50585d1eb4dd6ae7bd38ec4e68c79e68103a67b7,4500000.0,3.0,0,1,0,0,0.0,1,0,1,0,0,0,0,0,1,0,1,0,1,0,0,1,0,0,1,0,0,business,jabodetabek,4 sampai < 6 juta
480,Production Leader (Mandarin Speaker),PT Yadea Manufaktur Kendaraan Listrik,Cikarang Pusat,https://id.jobstreet.com/id/job/92292760?type=standard&ref=search-standalone&origin=cardTitle#sol=f946bf3a91ad4161960f4262901595239359bb2b,16000000.0,6.0,0,1,0,0,0.0,1,1,1,0,0,0,0,0,0,0,0,0,1,0,0,1,0,0,0,1,5,engineering,lainnya,>= 10 juta
484,Desk Collection Officer - Fresh Graduate Welcome,PT Mitra Koleksi Mandiri,Bekasi,https://id.jobstreet.com/id/job/92092607?type=standard&ref=search-standalone&origin=cardTitle#sol=5dde5583847e4542c343a1bf78154230ab249890,3250000.0,2.0,0,0,0,0,0.0,1,0,0,0,0,0,0,0,1,0,1,0,1,0,0,1,0,0,1,0,0,other,jabodetabek,2 sampai < 4 juta
486,Production Leader (Mandarin Speaker),PT Yadea Manufaktur Kendaraan Listrik,Cikarang Pusat,https://id.jobstreet.com/id/job/92292760?type=standard&ref=search-standalone&origin=cardTitle#sol=703e38cb4fcbc9da45f7f36634427dba72901f30,16000000.0,6.0,0,1,0,0,0.0,1,1,1,0,0,0,0,0,0,0,0,0,1,0,0,1,0,0,0,1,5,engineering,lainnya,>= 10 juta
487,Fresh Graduate Management Training Program (Onsite),Deliveree (PT Angkut Teknologi Indonesia),Jakarta Selatan,https://id.jobstreet.com/id/job/92004567?type=standard&ref=search-standalone&origin=cardTitle#sol=0dc2eb62e2143d3c15913402922ab9e7ff36dd58,6000000.0,4.0,0,1,1,1,3.0,1,0,1,0,0,1,0,1,1,0,0,0,0,0,0,0,0,0,1,0,0,business,jabodetabek,6 sampai < 8 juta
496,Mechanic & Electrical Leader,PT. INTISUMBER BAJASAKTI,Cikupa,https://id.jobstreet.com/id/job/91868431?type=standard&ref=search-standalone&origin=cardTitle#sol=cfc11c6927ee593b47905e2416824f7981a56b8a,10500000.0,6.0,1,1,0,0,0.0,1,1,1,0,0,0,0,0,0,0,0,0,1,0,1,0,0,0,0,1,5,engineering,lainnya,>= 10 juta
499,MANAGEMENT TRAINEE UNTUK PABRIK/KEBUN,PT Surya Cipta Sempurna,Bandung,https://id.jobstreet.com/id/job/92283762?type=standard&ref=search-standalone&origin=cardTitle#sol=99b0abc02d2dc4623d7e32496eda557f829fd310,4250000.0,3.0,0,1,0,0,0.0,1,0,1,0,0,0,0,0,0,0,0,0,1,0,0,1,0,1,1,1,0,business,jawa barat,4 sampai < 6 juta
500,SOP Training & Learning Supervisor (F&B),PT. Levi Kuliner Management,Jakarta Pusat,https://id.jobstreet.com/id/job/92307717?type=standard&ref=search-standalone&origin=cardTitle#sol=776b563ee0975c25b0fc94f588675bd6c9da36f4,6500000.0,4.0,0,1,0,0,0.0,1,0,1,0,0,0,0,0,0,0,0,0,1,0,0,1,1,1,0,0,0,finance,jabodetabek,6 sampai < 8 juta
502,Product Engineer,Catalyst Psychology & HR Management Services,Bekasi,https://id.jobstreet.com/id/job/92132347?type=standard&ref=search-standalone&origin=cardTitle#sol=a267982c31367d6e88fc60aa5ea0f63ebacfb6e4,6300000.0,4.0,0,1,0,1,3.3,1,1,1,0,0,0,0,1,0,0,0,0,0,0,0,0,0,0,1,0,0,software,jabodetabek,6 sampai < 8 juta
507,Management Trainee - Mandarin Speaker,PT JET TRANSPORT SERVICES,Jakarta Raya,https://id.jobstreet.com/id/job/92036488?type=standard&ref=search-standalone&origin=cardTitle#sol=59bf53a4d7d6f11303852383586d17b021c996e0,10000000.0,6.0,0,1,0,0,0.0,0,0,1,0,0,0,0,0,1,0,0,0,1,1,0,1,0,0,1,0,0,business,jabodetabek,>= 10 juta
510,"Customer Service, Account Officer, Kepala Bagian Kredit, Driver, Audit Intern",PT BPR Dana Mitra Indonesia,Jakarta Timur,https://id.jobstreet.com/id/job/92055334?type=standard&ref=search-standalone&origin=cardTitle#sol=26964492ce9e6e83d779321dee8ac7744572b44b,6800000.0,4.0,0,1,0,0,0.0,1,0,0,0,0,0,0,0,1,0,0,0,0,0,0,1,0,1,0,1,0,finance,jabodetabek,6 sampai < 8 juta
511,Beauty Trainer,PT Sant Group Indonesia,Jakarta Raya,https://id.jobstreet.com/id/job/92284040?type=standard&ref=search-standalone&origin=cardTitle#sol=4e579501945438dcc0ee8b3bc896d9687348c790,7750000.0,4.0,1,0,0,0,0.0,1,0,0,0,0,0,0,0,1,0,0,0,1,0,0,1,0,0,0,0,0,business,jabodetabek,6 sampai < 8 juta
516,Management Trainee - Mandarin Speaker,PT JET TRANSPORT SERVICES,Jakarta Raya,https://id.jobstreet.com/id/job/92036488?type=standard&ref=search-standalone&origin=cardTitle#sol=9ed6504a2ea6bdcd20ba38e94bfdcaad143528d0,10000000.0,6.0,0,1,0,0,0.0,0,0,1,0,0,0,0,0,1,0,0,0,1,1,0,1,0,0,1,0,0,business,jabodetabek,>= 10 juta
523,waiter/waitress,PT. AUTOGRILL SERVICES INDONESIA,Badung,https://id.jobstreet.com/id/job/92217268?type=standard&ref=search-standalone&origin=cardTitle#sol=f08cdd45f3703b34fec6ce48dbbe5e7124e5cc77,3850000.0,2.0,0,0,0,0,0.0,1,0,1,0,0,0,1,0,1,0,0,0,0,0,0,1,0,1,0,0,0,business,lainnya,2 sampai < 4 juta
525,Management Trainee,PT Maximus Indo Asia,Tangerang,https://id.jobstreet.com/id/job/92091003?type=standard&ref=search-standalone&origin=cardTitle#sol=71c22090d0d358e7fc55df665c726dc8024027d8,4750000.0,3.0,0,1,0,1,0.0,1,1,1,0,0,0,0,1,1,0,1,1,1,0,0,1,1,0,1,0,0,business,jabodetabek,4 sampai < 6 juta
529,Management trainee,Aksaratra Minimalis,Kabupaten Jepara,https://id.jobstreet.com/id/job/92096862?type=standard&ref=search-standalone&origin=cardTitle#sol=7f4f32ff2fc4f4877e2609b27eef1b408a5b18dd,4500000.0,3.0,1,1,0,0,0.0,1,0,1,0,0,0,0,0,1,0,1,1,1,0,0,1,0,0,1,0,0,business,lainnya,4 sampai < 6 juta
541,Business Management Trainee (Internship) - Bandung & Jakarta Placement,PT Kitar Technology Indonesia,Jakarta Selatan,https://id.jobstreet.com/id/job/92055932?type=standard&ref=search-standalone&origin=cardTitle#sol=9ba99a638dd1c94120991aaaa8693c309cd5fb97,3750000.0,2.0,0,1,0,1,0.0,1,0,1,0,0,0,0,1,0,0,0,0,1,0,0,0,0,1,1,1,1,business,jabodetabek,2 sampai < 4 juta
545,Management Trainee (Mandarin/English Speaker),PT Haidilao Indonesia Restaurants,Jakarta Utara,https://id.jobstreet.com/id/job/91865151?type=standard&ref=search-standalone&origin=cardTitle#sol=d3fa497a7a8914196e081ee171716912db3b7519,10000000.0,6.0,0,0,0,0,0.0,1,0,1,0,0,0,0,1,1,0,0,0,0,0,0,1,1,0,1,0,0,business,jabodetabek,>= 10 juta
548,Trainer FnB,PT. Virtus Visio Vortexa (Holding),Jakarta Utara,https://id.jobstreet.com/id/job/92200101?type=standard&ref=search-standalone&origin=cardTitle#sol=58c056884e016fc58e5ed35f3e03807a3033e01e,7750000.0,4.0,0,0,0,0,0.0,1,0,1,0,0,0,0,1,1,0,0,0,0,0,0,1,0,0,0,0,0,other,jabodetabek,6 sampai < 8 juta
553,Retail Operations Trainee（Work at Offline Retail Store）,PT SANFU INTERNASIONAL COMPANI,Jakarta Raya,https://id.jobstreet.com/id/job/92231915?type=standard&ref=search-standalone&origin=cardTitle#sol=7396dd25ec900e5672f9d9730a9261d11dc10d9d,7000000.0,4.0,0,1,0,0,0.0,1,0,1,0,0,0,0,0,1,0,0,0,1,0,0,1,1,1,1,1,0,business,jabodetabek,6 sampai < 8 juta
561,"Mandarin Speaker (Admin, EXIM, GA, Sales, Management Trainee, QC, Warehouse)",PT. BTR INDONESIA,Kendal,https://id.jobstreet.com/id/job/92230403?type=standard&ref=search-standalone&origin=cardTitle#sol=9418f2f02fc8a420155691826353d327792c9ee5,14500000.0,6.0,0,1,0,0,0.0,1,0,1,0,0,0,0,0,1,0,0,1,0,0,0,1,1,1,1,0,0,business,lainnya,>= 10 juta
565,Management Trainee,Dharma Celebes Express,Bekasi,https://id.jobstreet.com/id/job/92014055?type=standard&ref=search-standalone&origin=cardTitle#sol=4dbcfad8608db000fb06775f63795944938e61af,4500000.0,3.0,0,1,0,0,0.0,1,0,1,0,0,0,0,0,1,0,1,0,1,0,0,1,0,0,1,0,0,business,jabodetabek,4 sampai < 6 juta
575,Beauty Trainer,PT Sant Group Indonesia,Jakarta Raya,https://id.jobstreet.com/id/job/92284040?type=standard&ref=search-standalone&origin=cardTitle#sol=3bab7fb50f4706cc4c3ae2a82d4e0c2e3266a081,7750000.0,4.0,1,0,0,0,0.0,1,0,0,0,0,0,0,0,1,0,0,0,1,0,0,1,0,0,0,0,0,business,jabodetabek,6 sampai < 8 juta
577,Learning Experience Consultant,risco,Jakarta Selatan,https://id.jobstreet.com/id/job/91969799?type=standard&ref=search-standalone&origin=cardTitle#sol=9799b5250f33f01c4b3616a18651ba03db9ee4af,5500000.0,3.0,0,0,1,0,0.0,1,0,1,0,0,0,0,1,1,1,0,0,1,0,1,1,1,0,0,0,0,other,jabodetabek,4 sampai < 6 juta
578,MANAGEMENT TRAINEE UNTUK PABRIK/KEBUN,PT Surya Cipta Sempurna,Bandung,https://id.jobstreet.com/id/job/92283762?type=standard&ref=search-standalone&origin=cardTitle#sol=cf2b316fcbe6868f573fa58eae0ac29ed2922a95,4250000.0,3.0,0,1,0,0,0.0,1,0,1,0,0,0,0,0,0,0,0,0,1,0,0,1,0,1,1,1,0,business,jawa barat,4 sampai < 6 juta
579,Production Leader (Mandarin Speaker),PT Yadea Manufaktur Kendaraan Listrik,Cikarang Pusat,https://id.jobstreet.com/id/job/92292760?type=standard&ref=search-standalone&origin=cardTitle#sol=a1616c07f467f0af6d6e69ae5f6c18bcc428498f,16000000.0,6.0,0,1,0,0,0.0,1,1,1,0,0,0,0,0,0,0,0,0,1,0,0,1,0,0,0,1,5,engineering,lainnya,>= 10 juta
580,Officer Development Program,PT Marunda Jaya Inti,Jakarta Timur,https://id.jobstreet.com/id/job/92069568?type=standard&ref=search-standalone&origin=cardTitle#sol=af075c36d1b5fc9a5bef19d1acfe7b14e9cb344c,4500000.0,3.0,0,1,0,1,3.0,1,0,0,0,0,0,1,1,0,0,1,0,1,0,0,1,1,1,1,1,0,administration,jabodetabek,4 sampai < 6 juta
581,Academic Manager,"Perusahaan di Sanur yang bergerak di villa management, consulting, dan kursus bahasa",Bali,https://id.jobstreet.com/id/job/91972826?type=standard&ref=search-standalone&origin=cardTitle#sol=f856b43a4d9dda2b2194e710e1b867b1417e3334,7000000.0,4.0,0,1,0,0,0.0,1,0,1,0,0,0,0,1,0,0,0,0,1,0,0,1,0,1,0,1,3,other,lainnya,6 sampai < 8 juta
583,HRGA Manager,CV Muda Indonesia Berkarya,Malang,https://id.jobstreet.com/id/job/92257175?type=standard&ref=search-standalone&origin=cardTitle#sol=9ae5883a7f508440b39534d4631664356887be27,6000000.0,4.0,0,1,0,0,0.0,1,0,1,0,0,0,0,0,0,0,0,0,1,0,0,1,0,0,0,1,3,administration,jawa timur,6 sampai < 8 juta
589,SOP Training & Learning Supervisor (F&B),PT. Levi Kuliner Management,Jakarta Pusat,https://id.jobstreet.com/id/job/92307717?type=standard&ref=search-standalone&origin=cardTitle#sol=00386eb1974de6f310eab998152b1fd12cb89b63,6500000.0,4.0,0,1,0,0,0.0,1,0,1,0,0,0,0,0,0,0,0,0,1,0,0,1,1,1,0,0,0,finance,jabodetabek,6 sampai < 8 juta
591,Fresh Graduate Management Training Program (Onsite),Deliveree (PT Angkut Teknologi Indonesia),Jakarta Selatan,https://id.jobstreet.com/id/job/92004567?type=standard&ref=search-standalone&origin=cardTitle#sol=3cab40e8941f1668a9ae745e48c769ad04badb7c,6000000.0,4.0,0,1,1,1,3.0,1,0,1,0,0,1,0,1,1,0,0,0,0,0,0,0,0,0,1,0,0,business,jabodetabek,6 sampai < 8 juta
604,Management Trainee - Mandarin Speaker,PT JET TRANSPORT SERVICES,Jakarta Raya,https://id.jobstreet.com/id/job/92036488?type=standard&ref=search-standalone&origin=cardTitle#sol=5fe31c08b739f4cf86c6ebb286b02c8dbc0404ff,10000000.0,6.0,0,1,0,0,0.0,0,0,1,0,0,0,0,0,1,0,0,0,1,1,0,1,0,0,1,0,0,business,jabodetabek,>= 10 juta
606,Plant Manager (Manufactur),PT ALTRAK 1978,Bogor,https://id.jobstreet.com/id/job/92315332?type=standard&ref=search-standalone&origin=cardTitle#sol=4c5f14527d73e4b5e1ee07cdd030820912559852,2000000.0,2.0,0,1,0,0,0.0,1,1,1,0,0,0,0,0,0,0,0,0,1,0,0,0,0,0,0,0,0,engineering,jabodetabek,2 sampai < 4 juta
613,MT Operation - Mandarin Interpreter,PT Mitra Rubber Industries,Cikarang,https://id.jobstreet.com/id/job/92054259?type=standard&ref=search-standalone&origin=cardTitle#sol=0af4a0dfc6805f5feee00650305ccafe78883548,9000000.0,5.0,0,1,0,1,0.0,1,1,1,0,0,0,0,0,0,0,1,0,1,0,0,0,0,0,1,0,0,engineering,lainnya,8 sampai < 10 juta
615,HUMAN RESOURCE DEVELOPMENT,Resto Keboen Rodjo,Kota Kediri,https://id.jobstreet.com/id/job/92261724?type=standard&ref=search-standalone&origin=cardTitle#sol=61ab08ff6f8ad00ad5222ff5d5c6a8c8477598bf,3000000.0,2.0,0,0,0,0,0.0,1,0,1,0,0,0,0,0,0,0,0,0,0,1,0,0,1,1,0,0,0,finance,lainnya,2 sampai < 4 juta
616,MT Operation - Mandarin Interpreter,PT Mitra Rubber Industries,Cikarang,https://id.jobstreet.com/id/job/92054259?type=standard&ref=search-standalone&origin=cardTitle#sol=db900bd8be0653e937db2982977607fc38232da8,9000000.0,5.0,0,1,0,1,0.0,1,1,1,0,0,0,0,0,0,0,1,0,1,0,0,0,0,0,1,0,0,engineering,lainnya,8 sampai < 10 juta
617,HR Learning & Development Staff,PT. Yetoya Solusi Indonesia,Jakarta Raya,https://id.jobstreet.com/id/job/92285652?type=standard&ref=search-standalone&origin=cardTitle#sol=2cef15d786a6b35f711cb85a2c48e58ab8b2e81e,5750000.0,3.0,0,0,0,0,0.0,1,0,0,0,0,0,0,0,0,0,0,1,0,0,0,1,0,1,0,1,1,other,jabodetabek,4 sampai < 6 juta
622,People Organization Development,PT Siba Surya,Semarang,https://id.jobstreet.com/id/job/91936005?type=standard&ref=search-standalone&origin=cardTitle#sol=c9018dd3f1864c18154245a51d7f9d7ceb04caa6,5000000.0,3.0,0,1,0,1,0.0,1,0,0,0,0,0,0,0,0,0,1,1,0,0,0,1,0,0,0,0,0,other,jawa tengah diy,4 sampai < 6 juta
623,Graduate Engineer Trainee (Teknik Electro),PT CITRA SANXING INDONESIA,Jakarta Barat,https://id.jobstreet.com/id/job/92091373?type=standard&ref=search-standalone&origin=cardTitle#sol=1b562f173b548e217a595aec96442bb9f2cab050,7250000.0,4.0,0,1,0,1,3.25,1,1,0,0,0,0,1,1,0,0,1,0,0,0,0,1,0,1,1,0,0,business,jabodetabek,6 sampai < 8 juta
